PLAYER,TEAM,POS,GP,MPG,TS%,AST,TO,USG,ORR,DRR,REBR,PER,VA,EWA,AGE,HT,WT,SALARY
Kevin Durant, OKC,SF,81,38.5,0.635,16.1,10.3,31.2,2.2,18.6,10.8,29.9,903.8,30.1,25,81,240,18995624
LeBron James, MIA,SF,77,37.7,0.649,20.6,11.4,29.1,3.6,18.9,11.5,29.4,818.5,27.3,29,80,250,20644400
Kevin Love, MIN,PF,77,36.3,0.591,15.2,8.7,27.7,8.5,29.5,18.7,26.97,645.8,21.5,25,82,243,15719063
Anthony Davis, NO,PF,67,35.2,0.582,7.4,7.7,23.2,10,23.3,16.6,26.54,529.3,17.6,21,82,220,5607240
DeMarcus Cousins, SAC,C,71,32.4,0.555,10.8,13.1,30.7,10.6,30.5,20.4,26.18,534.5,17.8,24,83,270,14746000
Chris Paul, LAC,PG,62,35,0.58,36.2,7.9,25,2,11.4,6.9,25.98,485.2,16.2,29,73,175,20068563
Brook Lopez, BKN,C,17,31.4,0.629,4.9,8.7,24.1,8.8,14.1,11.5,25.5,118.6,4,26,85,275,15719062
Russell Westbrook, OKC,PG,46,30.7,0.545,22.5,12.5,33.5,4.6,15.9,10.5,24.74,289.6,9.7,25,75,200,15719062
Carmelo Anthony, NY,SF,77,38.7,0.561,10.4,8.5,30.1,5.6,19.4,12.3,24.5,623,20.8,30,80,235,22458401
Stephen Curry, GS,PG,78,36.5,0.61,26.7,11.8,28.2,1.8,10.9,6.4,24.13,557.6,18.6,26,75,185,10629213
Blake Griffin, LAC,PF,80,35.8,0.583,14.1,10.2,27.1,7.7,21.2,14.7,23.98,533.3,17.8,25,82,251,17674613
Dirk Nowitzki, DAL,PF,80,32.9,0.603,12.2,6.6,24.9,1.8,20,10.9,23.68,477.7,15.9,36,85,245,7974482
Brandan Wright, DAL,PF,58,18.6,0.695,7,7.9,15.8,11,15.1,13.1,23.6,194.5,6.5,26,82,210,5000000
James Harden, HOU,SG,73,38,0.618,20.2,12,26.8,2.6,10.7,6.9,23.51,539.2,18,24,77,220,14728844
Al Jefferson, CHA,C,73,35,0.532,8.7,7,26.7,6.9,28.3,17.5,22.75,462.9,15.4,29,82,289,13500000
Andre Drummond, DET,C,81,32.3,0.599,3.3,10.4,15.6,17.5,27.7,22.3,22.65,470.9,15.7,21,82,270,2568360
Al Horford, ATL,C,29,33,0.588,12.7,10.7,22.7,8,21.4,14.8,22.08,164.2,5.5,28,82,250,12000000
Dwyane Wade, MIA,SG,54,32.9,0.588,19.6,12.5,26.1,4.4,12.4,8.5,22.06,306.3,10.2,32,76,220,15000000
LaMarcus Aldridge, POR,PF,69,36.2,0.507,9.5,6.5,27.9,7.2,25.6,16.5,21.84,385.7,12.9,29,83,240,16006000
Goran Dragic, PHX,SG,76,35.1,0.604,23.1,11,24.1,2.9,7.4,5.2,21.43,435.4,14.5,28,75,190,7500000
Tim Duncan, SA,PF,74,29.2,0.535,15.4,11.2,23.5,8.6,28.3,18.8,21.4,318.8,10.6,38,83,250,10361446
Dwight Howard, HOU,C,71,33.7,0.6,9.1,15.9,22,11.4,27.9,20.1,21.36,384.8,12.8,28,83,265,21436271
Nikola Pekovic, MIN,C,54,30.8,0.582,5.3,8.9,21.1,13.1,17.6,15.3,20.72,251.2,8.4,28,83,285,12100000
Isaiah Thomas, SAC,PG,72,34.7,0.574,23.4,11,26.1,2.1,7.5,4.7,20.54,355.6,11.9,25,69,185,7238606
Kyle Lowry, TOR,PG,79,36.2,0.567,28.9,9.6,23.4,3.6,11.5,7.5,20.2,392.9,13.1,28,73,205,12000000
Paul George, IND,SF,80,36.2,0.555,13.7,10.8,26.4,2.6,17.7,10.5,20.16,417.9,13.9,24,81,220,15937290
Kyrie Irving, CLE,PG,71,35.2,0.533,21.6,9.5,27.8,2.3,9.5,5.8,20.14,340.4,11.3,22,75,193,7070730
Mike Conley, MEM,PG,73,33.5,0.545,25.3,8.6,24.7,2,8.4,5.2,20.07,331,11,26,73,185,8694216
Manu Ginobili, SA,SG,68,22.8,0.59,25.7,12.2,24.2,2.3,12,7.3,20.06,221.2,7.4,37,78,205,7000000
Joakim Noah, CHI,C,80,35.3,0.531,27.4,12.3,18.9,11.6,24.5,18.2,20.06,398.3,13.3,29,83,232,12700000
Kenneth Faried, DEN,PF,80,27.2,0.573,8.1,11.4,19.7,11.8,22.2,16.9,19.9,273.1,9.1,24,80,228,2249768
Paul Millsap, ATL,PF,74,33.5,0.545,14.2,11.3,23.7,7.2,21.9,14.6,19.83,308.4,10.3,29,80,253,9500000
Serge Ibaka, OKC,PF,81,32.9,0.576,6.7,9.7,18,10,19.6,15,19.66,324.8,10.8,24,82,245,12350000
Eric Bledsoe, PHX,PG,43,32.9,0.578,22.6,13.8,24.4,2.1,13.8,8,19.62,182.2,6.1,24,73,195,0
John Wall, WSH,PG,82,36.3,0.524,28.5,11.7,27.7,1.5,11.7,6.5,19.61,383,12.8,23,76,195,14746000
Kawhi Leonard, SA,SF,66,29.1,0.602,14.6,8.8,17,4.6,18.9,12.1,19.43,256.3,8.5,23,79,230,2894059
Jordan Hill, LAL,PF,72,20.8,0.579,7.4,10.3,17.6,13.8,24.3,19,19.39,176.6,5.9,27,82,235,9000000
Pau Gasol, LAL,PF,60,31.4,0.522,15,10.5,24.4,7,25.9,16.4,19.34,245.8,8.2,34,85,250,7128000
David Lee, GS,PF,69,33.2,0.566,10.4,10.8,22.4,8.8,21.6,15.3,19.21,263.2,8.8,31,81,240,15012000
Terrence Jones, HOU,PF,76,27.3,0.577,9.1,7.4,16.8,9.2,18.5,14.1,19.14,236.9,7.9,22,81,252,1618680
Chris Bosh, MIA,C,79,32,0.597,6.8,9.7,20,5.1,20.3,13,19.11,321.5,10.7,30,83,235,20644400
Mason Plumlee, BKN,PF,70,18.2,0.67,11.4,14.7,15.6,9.3,19.6,14.5,19.09,144.4,4.8,24,83,235,1357080
Ty Lawson, DEN,PG,62,35.8,0.553,31.4,11.6,23.5,1.9,8.5,5.2,19.02,266,8.9,26,71,195,11595506
Derrick Favors, UTAH,C,73,30.2,0.556,8.3,11.8,19.3,10.1,23.7,16.7,19.01,276.3,9.2,23,82,268,12950000
Tony Parker, SA,PG,68,29.4,0.555,24.9,9.7,25.9,1,7.5,4.4,19,238.5,7.9,32,74,185,12500000
Ryan Anderson, NO,PF,22,36.1,0.572,4.1,4.8,20.9,9.5,11.3,10.4,18.89,87.7,2.9,26,82,240,8491500
Amar'e Stoudemire, NY,PF,65,22.6,0.596,4.4,11.8,21.3,8.7,17.2,12.8,18.89,161.6,5.4,31,83,245,23410988
Andray Blatche, BKN,C,73,22.2,0.532,11.3,11.1,23.4,8.9,19.9,14.4,18.85,199.2,6.6,27,83,260,0
Nikola Vucevic, ORL,C,57,31.8,0.536,10.7,11.5,20,11.5,27.6,19.5,18.85,223,7.4,23,85,250,2751260
Patty Mills, SA,PG,81,18.9,0.588,16.3,6.9,21.2,2.6,9.6,6.2,18.8,177.7,5.9,26,73,185,3842105
Damian Lillard, POR,PG,82,35.8,0.568,21.3,9,24.7,1.3,9.2,5.3,18.69,337.1,11.2,24,75,195,3340920
Chris Andersen, MIA,PF,72,19.4,0.683,4.5,12.6,12.1,12.1,21.7,17.1,18.56,147,4.9,36,82,245,5375000
James Johnson, MEM,PF,52,18.4,0.552,21.2,12.6,19.7,7.4,13.2,10.3,18.5,99.9,3.3,27,81,248,2500000
Markieff Morris, PHX,PF,81,26.6,0.564,11.3,11.5,21.6,7.3,18,12.6,18.48,224.1,7.5,24,82,245,2989239
Tyreke Evans, NO,SF,72,28.2,0.504,23.1,11.1,26.7,4.3,15.4,9.8,18.43,239.9,8,24,78,220,11265416
DeMar DeRozan, TOR,SG,79,38.2,0.532,14.4,8.1,26.6,2,11.3,6.6,18.42,356.8,11.9,25,79,216,10100000
Rudy Gay, SAC/TOR,SF,73,34.7,0.54,11.7,12.6,25.2,5,14.7,9.8,18.4,298.3,9.9,28,80,230,19317326
Zach Randolph, MEM,PF,79,34.2,0.51,11.6,10.6,24.6,11.6,23.3,17.4,18.37,277.4,9.2,33,81,260,16500000
Kris Humphries, BOS,PF,69,19.9,0.552,10.2,9.8,17.8,10.2,24,16.9,18.28,157.8,5.3,29,81,235,4250000
Marc Gasol, MEM,C,59,33.4,0.526,18.8,9.7,21.2,5,20.5,12.7,18.27,225.4,7.5,29,85,265,15829688
DeAndre Jordan, LAC,C,82,35,0.63,8.4,14,11.3,13.3,29.3,21.6,18.19,325.1,10.8,26,83,265,11440123
Greg Monroe, DET,PF,82,32.8,0.531,11.3,11,20.6,9.9,21.6,15.4,18.16,267.4,8.9,24,83,250,0
John Henson, MIL,C,70,26.5,0.543,12,12.1,19.1,10.2,20.8,15.3,17.97,204,6.8,23,83,220,1987320
Deron Williams, BKN,PG,64,32.2,0.564,29.1,10.6,21.7,0.9,8.9,4.9,17.69,205.7,6.9,30,75,209,19754465
Robin Lopez, POR,C,82,31.8,0.605,8,9.3,13,13.6,15.3,14.5,17.68,275.2,9.2,26,85,255,6124729
Marcin Gortat, WSH,C,81,32.8,0.568,11.5,10.5,16.9,8.7,25.1,16.7,17.66,279.7,9.3,30,83,240,10434782
Jon Leuer, MEM,PF,49,13.1,0.566,6.4,8.6,19.5,6.8,22.4,14.6,17.65,58.9,2,25,82,228,967500
David West, IND,PF,80,30.9,0.533,15.9,9.5,20.6,5.7,18.3,12.3,17.55,223.1,7.4,33,81,250,12000000
Jeff Adrien, MIL/CHA,SF,53,18.1,0.553,9.4,9.6,18.4,11.8,24.8,18.2,17.49,85.9,2.9,28,79,245,915243
Jamal Crawford, LAC,SG,69,30.3,0.556,14.8,8.9,25.5,1.9,6.4,4.2,17.39,215.2,7.2,34,77,200,5450000
DeJuan Blair, DAL,C,78,15.6,0.557,11.8,13,18.1,13.3,21.6,17.5,17.33,121.9,4.1,25,79,270,2000000
Jrue Holiday, NO,PG,34,33.6,0.505,31.4,12.3,24.1,2.8,11.8,7.2,17.19,105.6,3.5,24,76,205,10404495
Jeff Teague, ATL,PG,79,32.2,0.541,26.9,11.8,25.2,1.6,7.9,4.7,17.16,233.6,7.8,26,74,181,8000000
Andrew Bogut, GS,C,67,26.4,0.61,18.3,15.8,11.9,11.4,29.7,20.7,17.11,171.8,5.7,29,85,260,12972973
Chris Kaman, LAL,C,39,18.9,0.537,11.4,14.6,24.3,7.8,25.4,16.6,17.06,71,2.4,32,85,265,4800000
Anderson Varejao, CLE,C,65,27.7,0.527,19.2,9.9,14.3,11.4,28.2,19.6,17.05,173.4,5.8,31,83,267,9704545
Samuel Dalembert, DAL,C,80,20.2,0.605,6.7,15.9,13.5,14.4,24.2,19.4,16.88,151.3,5,33,83,250,4051527
Monta Ellis, DAL,SG,82,36.9,0.532,21.4,12,25.1,1.5,9.8,5.6,16.83,285.4,9.5,28,75,185,8360000
Kemba Walker, CHA,PG,73,35.8,0.499,23.4,8.9,25,1.7,11.6,6.6,16.82,227.1,7.6,24,73,184,3272091
Paul Pierce, BKN,SF,75,28,0.595,15.1,13,20.8,1.5,18.3,9.9,16.81,197.5,6.6,36,79,235,5305000
Timofey Mozgov, DEN,C,82,21.6,0.584,7.4,14.5,17.3,10.4,21.9,16.1,16.77,162.9,5.4,28,85,250,4650000
J.J. Redick, LAC,SG,35,28.2,0.598,13.8,7.4,20.3,1,7.1,4.2,16.64,90.5,3,30,76,190,6792500
Thaddeus Young, PHI,PF,79,34.4,0.512,10.5,9.5,22.5,6.3,12.8,9.5,16.64,208.6,7,26,80,230,9410869
Brandon Knight, MIL,PG,72,33.3,0.523,19.8,10.6,26.2,2.1,10.3,6.1,16.59,200.3,6.7,22,75,189,3553917
Gorgui Dieng, MIN,C,60,13.6,0.534,10.8,15,15.8,13.4,26.9,20,16.58,73,2.4,24,83,238,1413480
Tiago Splitter, SA,C,59,21.5,0.572,15.3,12.8,16.5,11.4,20.5,16.1,16.58,113.4,3.8,29,83,245,9250000
Gerald Green, PHX,SG,82,28.4,0.585,8.9,10.6,21.8,2.3,10.9,6.6,16.55,210.4,7,28,80,210,3500000
Tobias Harris, ORL,SF,61,30.3,0.542,8.3,7.9,20.2,5.4,20.6,13,16.54,166.9,5.6,22,81,235,2380594
Kosta Koufos, MEM,C,80,16.9,0.514,6.4,11.1,18,14,22.7,18.4,16.54,119.6,4,25,85,265,3000000
Kyle O'Quinn, ORL,PF,69,17.2,0.526,13.8,13.8,17.3,9.5,25.2,17.3,16.52,89.1,3,24,82,250,915243
Tyson Chandler, NY,C,55,30.2,0.615,11.3,13.6,12,10.9,27,18.7,16.48,145.8,4.9,31,85,240,14846888
Jared Sullinger, BOS,C,74,27.6,0.497,9.6,9.7,22.6,13,20.6,16.7,16.42,177.2,5.9,22,81,260,1424520
Kevin Martin, MIN,SG,68,32,0.553,8.8,7.6,23.4,1.7,8.7,5.1,16.37,190.8,6.4,31,79,197,6792500
J.J. Hickson, DEN,C,69,26.9,0.521,9.5,12.7,19.4,11.9,24.8,18.3,16.27,157.3,5.2,25,81,242,5381750
Jeremy Evans, UTAH,SF,66,18.3,0.549,9.8,8.9,14.3,11.1,18.7,14.8,16.27,104.1,3.5,26,81,197,1794871
D.J. Augustin, CHI/TOR,PG,71,27.3,0.569,24.9,10,22.6,0.9,6.7,3.8,16.22,151,5,26,73,183,3000000
Gordon Hayward, UTAH,SG,77,36.4,0.52,22.1,11.7,22.7,2.5,14,8,16.22,238.9,8,24,80,220,14746000
Darren Collison, LAC,PG,80,25.9,0.575,24.3,10.8,19.4,2.6,7.3,5,16.21,160.8,5.4,26,73,175,4797664
Jonas Valanciunas, TOR,C,81,28.2,0.579,5.8,13.8,16.9,11.5,25.1,18.2,16.17,189.6,6.3,22,83,231,3678360
Henry Sims, CLE/PHI,C,46,19,0.535,12.4,9.8,14.6,12.5,17.2,14.7,16.14,72.4,2.4,24,82,248,915243
Nick Young, LAL,SF,64,28.3,0.564,7.9,7.9,24.1,1.7,8.1,4.9,16.11,151.6,5.1,29,79,210,4994420
Arron Afflalo, ORL,SG,73,35,0.574,16,9.4,21.9,1.4,10.2,5.8,16.09,212.8,7.1,28,77,215,7500000
Taj Gibson, CHI,PF,82,28.7,0.524,7.2,11.9,21.2,9.8,17.1,13.5,16.09,161,5.4,29,81,225,8000000
Ramon Sessions, MIL/CHA,PG,83,26.7,0.539,23.7,10.3,21.5,1.9,8.6,5.2,16.04,166.5,5.6,28,75,190,0
C.J. Miles, CLE,SG,51,19.3,0.569,9.7,8.2,20.6,2,9.9,5.9,16.03,81.2,2.7,27,78,231,4205000
Ed Davis, MEM,PF,63,15.2,0.542,6.8,10.1,16.5,11.4,20.9,16.1,15.99,64,2.1,25,82,225,981084
Vince Carter, DAL,SG,81,24.4,0.539,17.4,8.9,21.9,4,12.6,8.3,15.97,161.2,5.4,37,78,220,3911981
Chandler Parsons, HOU,SF,74,37.6,0.565,19.5,9.4,18.6,2.9,12.8,8.2,15.9,224.3,7.5,25,81,227,14700000
Jimmer Fredette, CHI/SAC,PG,49,10.6,0.578,18.4,13.8,25.9,1.7,9.7,5.7,15.88,37.8,1.3,25,74,195,915243
Trevor Ariza, WSH,SG,77,35.4,0.59,15.1,10.5,16.8,4.1,16.3,10.1,15.87,218.4,7.3,29,80,220,8579089
Nicolas Batum, POR,SF,82,36,0.589,27.3,13.5,16.8,4.3,17.8,11.1,15.86,236.7,7.9,25,80,200,11765500
Alec Burks, UTAH,PG,78,28.1,0.547,15.6,11,22.8,3,10.7,6.8,15.82,157.8,5.3,23,78,211,3034356
Spencer Hawes, CLE/PHI,PF,80,30.9,0.554,17.6,12.7,19.8,5.6,24.2,14.6,15.77,190.6,6.4,26,85,245,5305000
Wesley Matthews, POR,SG,82,33.9,0.588,13.6,7.6,18.7,2,9.1,5.6,15.7,215.9,7.2,27,77,220,7245640
Enes Kanter, UTAH,C,80,26.7,0.523,6.5,12.4,21.4,11.6,20.9,16.1,15.7,162.7,5.4,22,83,247,5694674
Brandon Jennings, DET,PG,80,34.1,0.486,29,10.2,24.6,2.2,7.8,4.9,15.67,190,6.3,24,73,169,8000000
Tony Allen, MEM,SG,55,23.2,0.531,14.5,13.8,19.2,7.3,12,9.6,15.64,98.1,3.3,32,76,213,4831461
Nate Robinson, DEN,PG,44,19.7,0.544,19,9.8,22.8,2.6,7.5,5,15.64,60,2,30,69,180,2106720
Michael Carter-Williams, PHI,PG,70,34.5,0.48,23.2,13,25.3,4.3,15.6,9.8,15.59,165.4,5.5,22,78,185,2300040
Joe Johnson, BKN,SG,79,32.6,0.564,15,8.3,20.7,2.2,10.3,6.3,15.54,193.5,6.5,33,79,240,23180790
Amir Johnson, TOR,PF,77,28.8,0.592,12.6,13.5,15.4,9,17.6,13.3,15.44,130.2,4.3,27,81,210,7000000
Reggie Jackson, OKC,PG,80,28.5,0.527,22.2,11.3,22,2.2,12.8,7.8,15.43,150.6,5,24,75,208,2204369
Tyler Zeller, CLE,C,70,15,0.581,8.2,13.7,15.9,10.8,19.6,15.1,15.43,75.5,2.5,24,85,253,1703760
Ricky Rubio, MIN,PG,82,32.2,0.491,40.9,12.9,18.3,2.5,11.9,7.1,15.35,171.3,5.7,23,76,185,4660479
Mike Scott, ATL,PF,80,18.5,0.559,8.9,9.4,21.2,4.9,17.2,11.1,15.34,85,2.8,26,80,237,0
Jermaine O'Neal, GS,C,44,20.1,0.57,6.5,13.6,16.2,10.7,19.1,15,15.34,62.5,2.1,35,83,255,0
Rajon Rondo, BOS,PG,30,33.3,0.461,38.1,12.8,23.2,2.4,16.6,9.3,15.34,64.6,2.2,28,73,186,12909090
Kelly Olynyk, BOS,C,70,20,0.546,14.1,13.8,20,11,18.8,14.8,15.27,97.5,3.3,23,85,238,2075760
Jeff Withey, NO,C,58,11.8,0.59,12.6,9.7,11.3,8.2,17.4,12.7,15.25,47.5,1.6,24,85,235,816482
Andrew Bynum, CLE/IND,C,26,19.8,0.456,9.4,11,21.9,11.3,20.4,15.8,15.25,35.8,1.2,26,85,285,0
Jose Calderon, DAL,PG,81,30.5,0.596,30,8.2,16.4,1.4,7.6,4.5,15.25,156.4,5.2,32,75,211,7097191
Luol Deng, CHI/CLE,SF,63,35.1,0.517,14.4,8.9,24,5,13.5,9.2,15.22,155.8,5.2,29,81,220,9714461
Marreese Speights, GS,PF,79,12.4,0.507,5.3,11,23,11.4,20.6,16.1,15.22,54.5,1.8,27,82,255,3657500
Marco Belinelli, SA,SG,80,25.2,0.605,17.4,9.3,17.9,1,11.2,6.3,15.09,138.2,4.6,28,77,210,2873750
Jordan Farmar, LAL,PG,41,22.2,0.533,29.1,13.9,23.1,2.3,9.8,6.1,15.05,55.2,1.8,27,74,180,2077000
Trevor Booker, WSH,PF,72,21.6,0.563,11.5,10.4,13.4,10.9,17.5,14.1,15.02,81.6,2.7,26,80,235,5000000
Brandon Bass, BOS,PF,82,27.6,0.549,8.5,10,17,7.8,15.9,11.8,15.01,118.8,4,29,80,250,6900000
Tristan Thompson, CLE,PF,82,31.6,0.528,6.6,9.9,16.2,11.4,21.5,16.3,14.96,133.8,4.5,23,81,238,5138430
Eric Gordon, NO,SG,64,32.1,0.54,16.5,10.7,22.2,1.7,7.7,4.7,14.92,135.8,4.5,25,76,215,14898938
Marcus Morris, PHX,PF,82,22,0.552,9.7,10.5,18.4,5.2,14.6,9.9,14.89,91,3,24,81,235,2943221
Jodie Meeks, LAL,SG,77,33.2,0.601,11,8.8,17.4,1.3,6.9,4.1,14.75,162.2,5.4,27,76,208,6000000
Cory Joseph, SA,PG,68,13.8,0.558,24.6,9.3,16.5,4,8.7,6.4,14.72,52,1.7,23,75,190,1023261
Lance Stephenson, IND,SG,78,35.3,0.564,23.5,13.8,19,4.1,18.1,11.4,14.72,173.3,5.8,23,77,230,9000000
Patrick Patterson, SAC/TOR,PF,65,23.6,0.533,11.8,9.8,14.4,8.8,17.1,12.9,14.67,72.6,2.4,25,81,235,5831326
Devin Harris, DAL,PG,40,20.5,0.517,32.9,10.9,20.8,1.1,10.8,6,14.66,44.6,1.5,31,75,192,3878896
Alexis Ajinca, NO,C,56,17,0.589,10.5,16.5,15.2,11.3,22.7,16.9,14.62,57.1,1.9,26,86,248,981084
Miles Plumlee, PHX,C,80,24.6,0.529,5.6,14.5,14.7,11.3,24.4,17.9,14.6,117.3,3.9,25,83,255,1169880
Andrea Bargnani, NY,C,42,29.9,0.51,6.9,8.9,20.5,6.3,14.7,10.4,14.53,73.8,2.5,28,85,250,11500000
Shaun Livingston, BKN,PG,76,26,0.551,26.6,11.4,15.8,4.1,10.8,7.5,14.52,103.8,3.5,28,79,175,5305000
Carlos Boozer, CHI,PF,76,28.2,0.489,8.8,11.5,24.4,7.4,25.9,16.8,14.48,95.2,3.2,32,81,266,3251000
Will Bynum, DET,PG,56,18.8,0.502,26.9,12.8,24.7,2.4,8.2,5.1,14.44,54.1,1.8,31,73,185,2915908
Jordan Crawford, BOS/GS,SG,81,23,0.516,22,10.5,22.4,1.7,9.4,5.5,14.4,108.2,3.6,25,76,195,0
Mirza Teletovic, BKN,PF,72,19.4,0.559,8.5,8.1,18.5,5.2,17.6,11.4,14.38,60.1,2,28,81,242,3368100
Bradley Beal, WSH,SG,73,34.7,0.507,15.2,8,23,2.4,10.2,6.3,14.32,144.2,4.8,21,77,207,4505280
Klay Thompson, GS,SG,81,35.4,0.555,10.9,8.2,20.9,1.5,7.9,4.7,14.32,163.3,5.4,24,79,205,3075880
Jeremy Lin, HOU,PG,71,28.9,0.572,23.5,14.1,20,2,7.8,5.1,14.31,101.4,3.4,25,75,200,8374646
Louis Williams, ATL,SG,60,24.1,0.547,24,10.5,20.2,0.8,9.1,5,14.24,80.7,2.7,27,73,175,5450000
Tyler Hansbrough, TOR,PF,64,15.3,0.562,5,13.8,13.8,14.2,20,17.1,14.2,39.4,1.3,28,81,250,3326235
Greivis Vasquez, SAC/TOR,PG,79,22.5,0.537,27.9,11.1,19.1,1.3,10,5.6,14.2,84.8,2.8,27,78,211,6400000
Thomas Robinson, POR,PF,70,12.5,0.502,7.9,13.3,18.4,13.1,24.6,18.9,14.15,34.6,1.2,23,82,237,3678360
Boris Diaw, SA,PF,79,25,0.578,23,12.6,16.4,4.4,13.8,9.3,14.12,77.2,2.6,32,80,250,7500000
Josh Smith, DET,SF,77,35.5,0.463,13.9,11,23.9,3.9,17.6,10.4,14.1,146.8,4.9,28,81,225,13500000
Dion Waiters, CLE,SG,70,29.6,0.508,14.4,10.5,25.7,1.7,9,5.3,14.1,111.3,3.7,22,76,225,4062000
Mario Chalmers, MIA,PG,73,29.8,0.567,31,14.1,17.3,2.5,9.6,6.2,14.06,99.6,3.3,28,74,190,4000000
Elton Brand, ATL,PF,73,19.4,0.561,14.6,11.8,12.9,8,21.5,14.8,14.05,53.8,1.8,35,81,254,0
Omer Asik, HOU,C,48,20.2,0.57,7.6,17.9,12.6,12.3,30.1,21.7,14.05,49.8,1.7,28,85,255,8374646
Marvin Williams, UTAH,PF,66,25.4,0.54,11.3,7.7,15.7,5.5,17.9,11.5,14.04,63.4,2.1,28,81,237,7000000
Rodney Stuckey, DET,PG,73,26.7,0.516,12.1,9.9,23.5,2.1,7.7,4.7,14.04,102.9,3.4,28,77,205,915243
Zaza Pachulia, MIL,C,53,25,0.502,21.4,14.5,16.8,11.8,17.1,14.4,14.03,67.9,2.3,30,83,275,5200000
Larry Sanders, MIL,C,23,25.4,0.478,8.2,11.2,15.3,11.4,21.3,16.2,14.02,29.8,1,25,83,235,11000000
J.R. Smith, NY,SG,74,32.7,0.527,16.3,8,20.6,1.7,13.1,7.2,14,126.4,4.2,28,78,220,5982375
Anthony Morrow, NO,SG,76,18.8,0.57,8.8,7.6,18,2.3,9.2,5.7,13.96,73.6,2.5,28,77,210,3200000
DeMarre Carroll, ATL,SF,73,32.1,0.575,14.6,8.6,14.1,5.3,14.5,10,13.96,120.8,4,28,80,212,2442455
Andre Miller, DEN/WSH,PG,58,16.9,0.534,37.7,11.7,15.5,3.1,11.7,7.4,13.9,42.5,1.4,38,74,200,4650000
Danny Green, SA,SG,68,24.3,0.58,14.6,10.7,15.5,1.8,13.4,7.8,13.9,83.7,2.8,27,78,215,4025000
Jameer Nelson, ORL,PG,68,32,0.515,33.1,11.5,20.7,1.5,10.5,6,13.89,94.1,3.1,32,73,190,2732000
Ersan Ilyasova, MIL,PF,55,26.9,0.486,9.4,7.9,19.9,8,18.8,13.3,13.85,51.9,1.7,27,82,235,7900000
Ronny Turiaf, MIN,C,31,19.5,0.578,13.1,13.6,10.2,9.6,22,15.6,13.84,29.3,1,31,82,241,1500000
Josh McRoberts, CHA,PF,78,30.3,0.548,32.7,8.1,13.7,4,13.8,8.9,13.82,81.6,2.7,27,82,240,5305000
Courtney Lee, BOS/MEM,SG,79,25,0.574,13.5,8.6,18.2,1.7,9.5,5.5,13.8,97.2,3.2,28,77,200,5450000
Shawn Marion, DAL,SF,76,31.7,0.537,13,9.9,14.6,6.4,17.4,11.9,13.78,117.9,3.9,36,79,228,0
Andre Iguodala, GS,SF,63,32.4,0.57,29.9,11.4,13.5,2.9,12.6,7.8,13.71,97.7,3.3,30,78,207,12289544
Victor Oladipo, ORL,SG,80,31.1,0.514,19.7,15.4,23.3,1.9,13.1,7.5,13.64,116.5,3.9,22,76,215,4978200
Jimmy Butler, CHI,SG,67,38.7,0.522,15.6,9.1,16.1,3.9,10.5,7.2,13.57,118.7,4,24,79,220,2008748
Kyle Korver, ATL,SG,71,33.9,0.653,21.7,10.6,13.6,1.1,12.4,6.8,13.55,109.8,3.7,33,79,212,6253521
Roy Hibbert, IND,C,81,29.7,0.499,8.2,13.3,17.7,9.9,15,12.5,13.54,105.7,3.5,27,86,290,14898938
Brian Roberts, NO,PG,72,23.2,0.529,24.2,9.8,19.9,1.2,8.4,4.7,13.49,61.9,2.1,28,73,173,2732000
Jeremy Lamb, OKC,SG,78,19.7,0.522,14.1,7.5,18.8,2.1,11.3,6.9,13.44,67.4,2.2,22,77,185,2202000
Luis Scola, IND,PF,82,17.1,0.505,10,13.4,21.9,7.2,23.4,15.7,13.42,40.2,1.3,34,81,240,4868499
Jonas Jerebko, DET,PF,64,11.6,0.577,12.3,13.6,15.5,7.2,19.3,12.9,13.42,21.2,0.7,27,82,231,4500000
George Hill, IND,PG,76,32,0.563,25.2,8.8,14.6,2.6,10.1,6.5,13.42,87.7,2.9,28,75,188,8000000
Kevin Garnett, BKN,C,54,20.5,0.467,15.5,13.1,17.5,6.5,32.1,19.3,13.35,45.5,1.5,38,83,253,12000000
Bismack Biyombo, CHA,C,77,13.9,0.606,3.5,17.3,8.6,11,27.6,19.3,13.33,43.6,1.5,21,81,245,3873398
Randy Foye, DEN,SG,81,30.7,0.558,20.7,10.4,18.4,1.6,8.5,5,13.31,104.3,3.5,30,76,213,3000000
P.J. Tucker, PHX,SF,81,30.7,0.54,14.9,10.8,13.4,7.3,16.6,11.9,13.31,104.5,3.5,29,78,224,5700000
Shelvin Mack, ATL,PG,73,20.4,0.51,30.3,10,19,1.6,10.7,6.2,13.28,50.7,1.7,24,75,207,0
Channing Frye, PHX,PF,82,28.2,0.555,9.7,8.8,16,3.6,16.6,10.1,13.26,60.6,2,31,83,245,8579088
Al-Farouq Aminu, NO,SF,80,25.6,0.516,15.1,11.6,13.6,7.2,21.2,14.1,13.19,82.2,2.7,23,81,215,981084
Jeff Green, BOS,SF,82,34.2,0.52,8.5,10.1,22,2.1,13.6,7.7,13.17,111.7,3.7,27,81,235,9200000
Glen Davis, LAC/ORL,PF,68,24.4,0.491,9.6,9.4,14,7.4,16.4,11.9,13.14,40.6,1.4,28,81,289,915243
Gerald Henderson, CHA,SG,77,32,0.507,14.4,8.2,20.6,1.4,12.9,7.1,13.13,96.6,3.2,26,77,215,6000000
Cody Zeller, CHA,C,82,17.3,0.498,13.7,13,17.5,9.4,18.8,14.1,13.12,53.3,1.8,21,85,240,4030560
C.J. Watson, IND,PG,63,18.9,0.555,19.8,11.1,15.9,1.9,7.4,4.8,13.08,37,1.2,30,74,175,2077000
Pablo Prigioni, NY,PG,66,19.4,0.642,47.1,12.4,10.8,3.2,8.8,5.9,13.02,38.7,1.3,37,75,185,1662961
Tony Wroten, PHI,SG,72,24.5,0.493,15.8,14.9,26.4,4.1,10.1,7,12.96,64.9,2.2,21,78,205,1210080
Raymond Felton, NY,PG,65,31,0.476,31.6,11.2,18.8,3.1,8.6,5.7,12.9,57.2,1.9,30,73,205,3793693
Ray Allen, MIA,SG,73,26.5,0.59,17.4,10.2,15.5,1.6,11.4,6.7,12.83,67.4,2.2,39,77,205,0
Avery Bradley, BOS,PG,60,30.9,0.51,8.1,9.1,21.6,2.9,11.2,6.9,12.8,49.9,1.7,23,74,180,7191011
Tim Hardaway Jr., NY,SG,81,23.1,0.554,7.7,5.5,18,1.2,6.6,3.8,12.79,64.1,2.1,22,78,205,1250640
Nate Wolters, MIL,PG,58,22.6,0.486,27.8,8.5,17.1,2.8,10.5,6.5,12.76,34.3,1.1,23,76,190,816482
Jordan Hamilton, DEN/HOU,SF,60,17,0.507,10.5,9.3,17.5,3.5,17,10.4,12.75,34.2,1.1,23,79,220,0
Beno Udrih, NY/MEM,PG,41,15.7,0.523,32.8,13.3,17.6,1.8,9.2,5.4,12.73,16.6,0.6,32,75,210,2077000
Draymond Green, GS,SF,82,21.9,0.498,20.1,12,14.3,5.3,19.3,12.4,12.73,59.8,2,24,79,230,915243
Corey Brewer, MIN,SF,81,32.2,0.55,11.7,9.2,15.6,2.6,6.2,4.3,12.71,86.1,2.9,28,81,185,4702500
Dante Cunningham, MIN,PF,81,20.2,0.475,12.6,6.3,14.4,7.3,14.9,11,12.67,28.6,1,27,80,221,0
Ryan Kelly, LAL,PF,59,22.2,0.548,16.6,8.2,14.8,3.4,14.4,8.9,12.67,22.9,0.8,23,83,230,1650000
Kendall Marshall, LAL,PG,54,29,0.494,44.9,14.1,18.1,1,9.6,5.3,12.66,38.8,1.3,23,76,195,915243
Trey Burke, UTAH,PG,70,32.3,0.473,26.9,8.9,22,1.8,9,5.3,12.64,55.3,1.8,21,73,190,2548560
Mike Dunleavy, CHI,SF,82,31.5,0.549,16.3,9.5,16.3,2.1,13,7.6,12.62,81.6,2.7,33,81,230,3326235
Khris Middleton, MIL,PF,82,30,0.541,14,10.2,18.2,2.7,12,7.2,12.55,38.5,1.3,23,80,217,915243
Gary Neal, MIL/CHA,SG,52,21.4,0.53,12.5,9.6,23.9,1,8.3,4.6,12.54,34,1.1,29,76,210,3250000
Kevin Seraphin, WSH,C,53,10.9,0.533,5.8,14.1,19.6,10.5,15.3,12.8,12.52,16.6,0.6,24,82,278,3898692
Lavoy Allen, IND/PHI,PF,65,16.5,0.47,16.2,10.1,16.1,11.7,20,15.7,12.52,16.3,0.5,25,81,255,915243
Aaron Brooks, DEN/HOU,PG,72,21.6,0.518,24,12,20.8,3.1,6.7,4.9,12.51,35,1.2,29,73,161,915243
Mike Miller, MEM,SF,82,20.8,0.619,19.3,11.4,14.4,2.1,12.3,7.2,12.5,51,1.7,34,80,218,2732000
Wilson Chandler, DEN,SF,62,31.1,0.526,11.4,7.9,18.3,3.2,13.3,8.2,12.48,56.9,1.9,27,80,225,6757913
Andrei Kirilenko, BKN,SF,45,19,0.532,21.3,16,13.9,7.7,12.7,10.2,12.48,25.3,0.8,33,81,235,3326235
Jason Smith, NO,C,31,26.8,0.495,8,7.8,16.8,7,18.5,12.7,12.47,23.2,0.8,28,85,240,3278000
Evan Turner, IND/PHI,SF,81,30.3,0.498,16.5,11.9,18.5,2.7,15.7,9.1,12.43,70.9,2.4,25,79,220,0
Patrick Beverley, HOU,PG,56,31.3,0.545,20.3,8.9,14.3,4.9,7.4,6.2,12.43,37.4,1.2,26,73,185,915243
Nick Calathes, MEM,SG,71,16.5,0.506,31.8,15.5,18.3,2.3,11.5,6.9,12.36,32.5,1.1,25,78,213,816482
Xavier Henry, LAL,SF,43,21.1,0.511,9.6,10.7,20.9,2.9,10.5,6.7,12.36,25.1,0.8,23,78,220,1082000
Kenyon Martin, NY,PF,32,19.8,0.521,24.1,12.5,11.4,6.5,18.7,12.5,12.25,7.1,0.2,36,81,225,0
Caron Butler, MIL/OKC,SF,56,25.3,0.512,11.5,8.4,22.4,1.7,16.6,9.2,12.24,36.8,1.2,34,79,228,4500000
Anthony Randolph, DEN,SF,43,12.3,0.499,11.5,14.1,18.6,4.1,21,12.5,12.23,13.6,0.5,25,83,225,1825359
Chris Douglas-Roberts, CHA,SG,49,20.7,0.588,13.6,9.6,13.7,1.8,11.5,6.6,12.19,25.6,0.9,27,79,210,0
Robert Sacre, LAL,C,65,16.8,0.513,11.7,10.1,14.1,8,16.9,12.5,12.17,25.5,0.9,25,85,260,915243
Terrence Ross, TOR,SF,81,26.7,0.553,8.2,9.2,17.2,2.3,11.3,6.8,12.09,51.4,1.7,23,78,195,2793960
Michael Kidd-Gilchrist, CHA,SF,62,24.2,0.516,9.5,11,13.8,8.2,16.2,12.2,12.07,35.2,1.2,20,79,232,5016960
Matt Barnes, LAC,SF,63,27.5,0.552,16.1,10.9,15.6,4,14.4,9.4,12.05,40.2,1.3,34,79,226,3396250
Jerryd Bayless, BOS/MEM,PG,72,23.4,0.498,20.5,8.7,19.7,1.5,8.6,5,12.04,26.2,0.9,26,75,200,3000000
Marcus Thornton, BKN/SAC,SG,72,24.2,0.511,9.3,8.1,22,3.7,9.4,6.6,12,39,1.3,27,76,205,8575000
Dorell Wright, POR,SF,68,14.5,0.524,14.9,9.1,15.6,3.2,17.5,10.5,11.98,21.7,0.7,28,81,205,3150000
Jae Crowder, DAL,SF,78,16.1,0.551,14.2,9.7,12.3,4.3,13.5,8.9,11.89,26.1,0.9,24,78,235,915243
Richard Jefferson, UTAH,SF,82,27,0.573,13.7,9.9,16.1,0.9,10.8,5.7,11.88,45.7,1.5,34,79,234,915243
Maurice Harkless, ORL,SF,80,24.4,0.542,11.2,12.1,13.6,4,11.4,7.7,11.87,39.8,1.3,21,81,220,1887840
Mo Williams, POR,PG,74,24.8,0.507,27.2,12.6,20.9,2.5,6.4,4.5,11.87,23.7,0.8,31,73,195,3750000
Kyle Singler, DET,SF,82,28.5,0.574,9,9.4,13.3,5.2,9.2,7.1,11.86,47.4,1.6,26,80,230,1090000
Nick Collison, OKC,PF,81,16.7,0.599,22.8,15.5,11.3,10.2,14.1,12.2,11.84,6.9,0.2,33,82,255,2242003
Pero Antic, ATL,C,50,18.5,0.545,13.3,12.6,17.1,7.2,18.9,13.1,11.74,15.8,0.5,32,83,260,1250000
Ish Smith, PHX,PG,70,14.4,0.438,33,12,16.5,3.5,10.9,7.2,11.71,10.7,0.4,26,73,175,915243
Reggie Evans, BKN/SAC,PF,54,16.6,0.516,7.3,20.3,12.1,14.7,28.4,21.5,11.69,2.5,0.1,34,80,245,1768653
J.J. Barea, MIN,PG,79,18.6,0.471,26.9,11.1,24.3,1.2,10.5,5.7,11.68,15,0.5,30,73,178,4519500
Austin Rivers, NO,SG,69,19.4,0.482,20.3,9.8,20.7,2.2,9.1,5.6,11.6,21.9,0.7,22,76,200,2439840
Jarrett Jack, CLE,PG,80,28.2,0.498,26.5,10.9,18,1.1,10.3,5.6,11.57,19,0.6,30,75,200,6300000
Martell Webster, WSH,SF,78,27.7,0.591,12.2,7.3,13.7,2,10.1,6,11.56,34.1,1.1,27,79,230,5381750
Derrick Williams, MIN/SAC,PF,78,23.3,0.524,7.7,10.4,16.1,4.3,15.8,10,11.53,0.7,0,23,80,240,6331404
Joel Freeland, POR,C,52,14,0.498,14.8,13.2,11.9,13.2,17.6,15.4,11.34,8,0.3,27,82,225,3013512
Kent Bazemore, GS/LAL,SG,67,13.6,0.515,16.2,14.1,21.5,1.2,12.6,6.9,11.28,10.6,0.4,25,77,201,0
O.J. Mayo, MIL,SG,52,25.9,0.516,14.2,11.9,21.9,2,8.8,5.3,11.27,15.5,0.5,26,76,210,8000000
Matt Bonner, SA,PF,61,11.3,0.582,14.3,7.4,11.3,2.7,17.9,10.6,11.27,-2.4,-0.1,34,82,235,915243
Steven Adams, OKC,C,81,14.8,0.541,12,19.8,10.9,14.1,17.1,15.6,11.25,11.5,0.4,21,85,255,2184960
E'Twaun Moore, ORL,PG,79,19.1,0.513,17.2,8.4,15.4,2.2,8.1,5.1,11.18,4.1,0.1,25,76,191,0
Jeff Ayres, SA,C,73,13,0.605,18.7,19.6,11.7,11,19.2,15.3,11.16,8,0.3,27,81,250,1828750
Jason Thompson, SAC,PF,82,24.5,0.523,7.5,13.4,13.3,8.5,21.3,14.8,11.14,-10.8,-0.4,28,83,250,6037500
Steve Novak, TOR,SF,54,10,0.599,7.8,3,11.9,1.7,10.9,6.3,11.1,4.8,0.2,31,82,235,3445947
Wesley Johnson, LAL,SF,79,28.4,0.522,13.8,10,13.9,3.3,13.3,8.3,11.08,19.3,0.6,27,79,215,915243
Cartier Martin, ATL/CHI,PF,59,14.7,0.562,9.2,9.5,15.8,1.7,12.8,7.3,11.05,7.1,0.2,29,79,220,0
Steve Blake, GS/LAL,PG,55,27.2,0.508,39.3,13.1,12.1,0.9,10.4,5.7,11.01,0.2,0,34,75,172,2077000
Anthony Tolliver, CHA,PF,64,20.3,0.605,10.8,5.9,11.3,2.9,11.8,7.3,11.01,-9.5,-0.3,29,80,240,3000000
Danny Granger, IND/LAC,SF,41,20.7,0.502,9.7,10.9,18.2,4.3,12.9,8.8,10.9,5,0.2,31,81,228,2077000
Giannis Antetokounmpo, MIL,SG,77,24.6,0.518,19.3,15.7,14.6,4.6,16.3,10.2,10.82,9.1,0.3,19,81,205,1873200
Chris Johnson, BOS,SF,40,19.7,0.537,10.8,7.7,13.5,4.3,9.8,7,10.8,3.6,0.1,24,78,201,915243
Kirk Hinrich, CHI,SG,73,29,0.494,26.5,11.1,17.5,1.7,8.5,5.2,10.8,9.3,0.3,33,76,190,2732000
Donatas Motiejunas, HOU,PF,62,15.4,0.504,8.1,11.6,16.3,7.4,18.2,13.1,10.76,-10.5,-0.4,23,85,222,1483920
Matthew Dellavedova, CLE,SG,72,17.7,0.535,33,10.7,13.9,2.5,8.5,5.4,10.69,3.7,0.1,23,76,200,816482
Udonis Haslem, MIA,PF,46,14.2,0.523,6.4,11.9,12.3,8.4,24.7,16.8,10.57,-9.1,-0.3,34,80,235,2732000
Travis Outlaw, SAC,SF,63,16.9,0.492,11.4,6.1,14.6,3.8,14.2,8.9,10.42,-1.3,0,29,81,207,3000000
Thabo Sefolosha, OKC,SG,61,26,0.517,18.1,10.6,11.3,3.7,11.5,7.8,10.42,-2,-0.1,30,79,222,4150000
Evan Fournier, DEN,SG,76,19.8,0.533,13.8,12.3,18.7,2.4,12.1,7.2,10.36,-3.2,-0.1,21,78,200,1483920
Archie Goodwin, PHX,SG,52,10.3,0.507,7.8,17.2,17.8,5.3,13,9.2,10.34,-1.3,0,20,77,198,1112280
Alexey Shved, MIN,PG,63,10.5,0.452,17.3,12.2,20.2,3.4,10.1,6.6,10.27,-7.3,-0.2,25,78,187,3282056
Nazr Mohammed, CHI,C,80,7,0.445,10.2,18.9,13.5,13.6,21.7,17.7,10.18,-3.5,-0.1,36,82,250,0
Ian Mahinmi, IND,C,77,16.2,0.538,7.2,17.3,10.4,10.1,12.9,11.6,10.18,-7.9,-0.3,27,83,250,4000000
Quincy Acy, SAC/TOR,SF,63,13.4,0.52,12.6,13.5,9.3,9.5,19.5,14.4,10.14,-4.5,-0.2,23,79,225,915243
Perry Jones, OKC,SF,62,12.3,0.541,10.5,8.5,11.8,4.3,12.1,8.4,10.14,-4.2,-0.1,22,83,235,1129200
Chuck Hayes, SAC/TOR,PF,61,12.3,0.468,16.7,15.8,9.8,10.5,21.8,16.1,10.04,-16.5,-0.5,31,78,250,5958750
Gerald Wallace, BOS,SF,58,24.4,0.543,27.8,18.9,11.9,2.8,14.5,8.5,10.02,-10.2,-0.3,32,79,220,10105855
Andrew Nicholson, ORL,PF,76,15.4,0.489,4.8,9.8,17.3,5.1,19.5,12.3,9.9,-28.1,-0.9,24,81,250,1545840
Harrison Barnes, GS,SF,78,28.3,0.486,12.1,8.8,15.6,3.3,11.9,7.7,9.85,-21.3,-0.7,22,80,210,3049920
Ray McCallum, SAC,PG,45,19.9,0.439,25.1,8.2,17.7,2.2,7.8,5,9.74,-16.9,-0.6,23,75,190,816482
Chase Budinger, MIN,SF,41,18.3,0.505,9.5,7.4,15.7,2.7,12.5,7.5,9.73,-8.6,-0.3,26,79,209,5000000
Robbie Hummel, MIN,SF,53,12.4,0.492,10.6,4.6,11.9,5.7,16.6,11,9.67,-8.1,-0.3,25,80,220,880000
Iman Shumpert, NY,SG,74,26.5,0.48,17.8,10.9,13.5,4.7,14,9.2,9.66,-24.5,-0.8,24,77,220,2616975
Shawne Williams, LAL,SF,36,20.9,0.503,11.9,8.3,11.8,3.6,20.2,11.9,9.51,0,0,28,81,230,1227985
Hollis Thompson, PHI,SG,77,22.6,0.57,13.6,11.2,10.6,4.4,11.2,7.7,9.5,-25.9,-0.9,23,80,206,816482
Alan Anderson, BKN,SF,78,22.7,0.525,11.9,9.1,14.5,2.7,9.1,5.9,9.5,-26.4,-0.9,31,78,220,1276061
Kentavious Caldwell-Pope, DET,SG,80,19.8,0.483,9.7,4.9,13.3,2.5,8.6,5.4,9.46,-24.5,-0.8,21,77,205,2772480
Darrell Arthur, DEN,PF,68,17.1,0.459,11,10.4,17,4.8,14.7,9.8,9.41,-36.3,-1.2,26,81,235,3457149
Francisco Garcia, HOU,SG,55,19.7,0.521,15.9,7.6,12.7,2.3,9.8,6.3,9.37,-18.2,-0.6,33,79,195,0
Toney Douglas, GS/MIA,PG,51,13.2,0.493,22.2,11.1,16.5,3.3,11.8,7.6,9.2,-18.1,-0.6,28,74,195,0
Darius Miller, NO,SF,45,16.1,0.55,17.4,8.9,12.3,1.4,7,4.2,9.06,-15.6,-0.5,24,80,225,915243
Luke Ridnour, MIL/CHA,PG,61,18.7,0.452,30.3,11.4,16.8,2.2,7.6,4.8,9.01,-33.9,-1.1,33,74,175,2750000
Jared Dudley, LAC,SF,74,23.4,0.541,16.4,8.9,12.8,2.4,7.7,5.1,8.91,-41.1,-1.4,29,79,225,4250000
Norris Cole, MIA,PG,82,24.6,0.497,27.4,14,15.2,1.1,8.6,5,8.8,-66,-2.2,25,74,175,2038206
Phil Pressey, BOS,PG,75,15.1,0.39,40.1,14.5,15.6,2,8.8,5.3,8.78,-37.5,-1.2,23,71,175,816482
Elliot Williams, PHI,SG,67,17.3,0.519,13.6,12.8,15.8,2.7,9.7,6.1,8.71,-31,-1,25,77,180,981084
Alonzo Gee, CLE,SF,65,15.7,0.491,13.3,12.4,12.7,3.8,12.8,8.2,8.63,-28.5,-0.9,27,78,225,3000000
Quincy Miller, DEN,SF,52,15.2,0.459,7.3,13.6,16.3,4.9,15.2,10.1,8.62,-22.1,-0.7,21,81,210,915243
Luc Richard Mbah a Moute, MIN/SAC,PF,64,15.7,0.503,12.1,13.4,10.9,6,10.1,8,8.42,-46.2,-1.5,27,80,230,4382576
Tayshaun Prince, MEM,SF,76,25.6,0.438,17.5,6,12.8,1.9,12.3,7.1,8.18,-67.4,-2.2,34,81,215,7707865
Tony Snell, CHI,SG,77,16,0.489,14.6,9.4,14.2,1.8,9.6,5.7,8.02,-45.6,-1.5,22,79,200,1472400
Garrett Temple, WSH,SG,75,8.5,0.431,26.3,15.3,14.3,3.8,8.7,6.2,7.81,-25.6,-0.9,28,78,195,981084
Ben McLemore, SAC,SG,82,26.7,0.485,8.9,10.4,15.8,2.7,9.5,6.1,7.77,-89.2,-3,21,77,195,3026280
Ekpe Udoh, MIL,PF,42,19.1,0.44,13.3,16.3,10.8,8.4,12.8,10.5,7.62,-46.5,-1.6,27,82,245,0
Brandon Davies, PHI,PF,51,11.3,0.476,13.1,16.3,12.9,6.9,13.9,10.2,7.49,-34.4,-1.1,23,82,240,816482
Jason Terry, BKN,SG,35,16.3,0.501,23.2,11.2,14.7,0.8,6.9,3.9,7.48,-25.7,-0.9,36,74,180,5850313
Willie Green, LAC,SG,55,15.8,0.477,13.5,9.2,15.2,1.6,8.2,5,7.13,-43.7,-1.5,33,75,201,1448490
Anthony Bennett, CLE,SF,52,12.8,0.425,5.3,14.7,18.7,8.1,18.4,13.1,6.95,-35.1,-1.2,21,80,259,5563920
Kendrick Perkins, OKC,C,62,19.5,0.474,17.7,23.7,10.9,8.1,19.9,14.3,6.32,-77.1,-2.6,29,82,270,9654342
Jeff Taylor, CHA,SF,26,24.2,0.436,7.7,8.8,17.5,2.7,8.1,5.4,5.97,-42.5,-1.4,25,79,225,915243
Dennis Schroder, ATL,PG,49,13.1,0.442,25.8,16.9,18.6,0.9,9.9,5.4,5.81,-49.7,-1.7,20,73,168,1690680
John Lucas III, UTAH,PG,42,14.1,0.403,16.1,8.4,16.2,2.3,5.4,3.8,5.23,-50.9,-1.7,31,71,166,1600000
